{"MAE": 0.6276789897311582, "MSE": 0.6764152422946196, "RMSE": 0.8224446743061928, "R2_Score": 0.36801876541583056}