{"MAE": 0.6138211393495775, "MSE": 0.6648870553126744, "RMSE": 0.8154060677433511, "R2_Score": 0.37878966084487464}